naziv_usluge;maloprodajna_cijena;posebni_oblik_prodaje;naziv_posebnog_oblika_prodaje;dodatna_cijena;datum_dodatne_cijene
Doručak - Slavonski doručak;11.90;NE;;11.90;10.9.2026.
Doručak - Omlet;7.90;NE;;7.90;10.9.2026.
Doručak - Omlet - Šunka;0.90;NE;;0.90;10.9.2026.
Doručak - Omlet - Sir;0.90;NE;;0.90;10.9.2026.
Doručak - Omlet - Gljive;0.90;NE;;0.90;10.9.2026.
Doručak - Omlet - Panceta;0.90;NE;;0.90;10.9.2026.
Doručak - Omlet - Povrće;0.90;NE;;0.90;10.9.2026.
Doručak - Sendvić u lepinji;11.90;NE;;11.90;10.9.2026.
Doručak - Omlet u tortilji;8.90;NE;;8.90;10.9.2026.
Doručak - Palačinke;5.20;NE;;5.20;10.9.2026.
Doručak - Dubrovački doručak;12.90;NE;;12.90;10.9.2026.
Doručak - Fitness doručak;9.90;NE;;9.90;10.9.2026.
Doručak - Sub Gourmet doručak;12.90;NE;;12.90;10.9.2026.
Doručak - Kajgana;9.90;NE;;9.90;10.9.2026.
Predjela - Proljetne rolice;8.40;NE;;8.40;10.9.2026.
Predjela - Proljetne rolice s piletinom i povrćem;9.60;NE;;9.60;10.9.2026.
Predjela - Repovi kozica;10.90;NE;;10.90;10.9.2026.
Juhe - Domaća goveđa juha;5.50;NE;;5.50;10.9.2026.
Juhe - Juha od rajčice;6.00;NE;;6.00;10.9.2026.
Juhe - Krem juha od tikve;7.00;NE;;7.00;10.9.2026.
Salate - Sezonska salata;7.80;NE;;7.80;10.9.2026.
Salate - Grčka salata;12.30;NE;;12.30;10.9.2026.
Salate - Cezar salata s piletinom;13.90;NE;;13.90;10.9.2026.
Salate - Tuna salata;16.40;NE;;16.40;10.9.2026.
Tjestenine - Pasta Napolitana;13.60;NE;;13.60;10.9.2026.
Tjestenine - Spaghetti Carbonara;14.40;NE;;14.40;10.9.2026.
Tjestenine - Spaghetti Bolognese;14.60;NE;;14.60;10.9.2026.
Tjestenine - Njoke s kozicama i kaduljom;16.60;NE;;16.60;10.9.2026.
Tjestenine - Tortellini s pršutom i gljivama;15.30;NE;;15.30;10.9.2026.
Tjestenine - Tagliatelle s umakom od tartufa;16.30;NE;;16.30;10.9.2026.
Tjestenine - Tagliatelle s kozicama u umaku od tartufa;18.30;NE;;18.30;10.9.2026.
Glavna jela - Piletina u umaku od gljiva;18.30;NE;;18.30;10.9.2026.
Glavna jela - Pileći file sa žara;17.10;NE;;17.10;10.9.2026.
Glavna jela - Ćevapi + lepinja;16.90;NE;;16.90;10.9.2026.
Glavna jela - Lignje sa žara;20.60;NE;;20.60;10.9.2026.
Glavna jela - Fish and Chips;17.60;NE;;17.60;10.9.2026.
Pizza - Margarita;13.90;NE;;13.90;10.9.2026.
Pizza - Funghi;14.30;NE;;14.30;10.9.2026.
Pizza - Romana;14.60;NE;;14.60;10.9.2026.
Pizza - Capricciosa;14.90;NE;;14.90;10.9.2026.
Pizza - Quattro Formaggi;16.30;NE;;16.30;10.9.2026.
Pizza - Gurmanska;15.90;NE;;15.90;10.9.2026.
Pizza - Tuna;15.90;NE;;15.90;10.9.2026.
Pizza - Piccante;16.80;NE;;16.80;10.9.2026.
Pizza - Sub Gourmet;18.20;NE;;18.20;10.9.2026.
Pizza - Slavonska;16.30;NE;;16.30;10.9.2026.
Pizza - Vegetariana;16.30;NE;;16.30;10.9.2026.
Pizza - Calzone;14.90;NE;;14.90;10.9.2026.
Burgeri - Klasik;12.70;NE;;12.70;10.9.2026.
Burgeri - Cheeseburger;13.90;NE;;13.90;10.9.2026.
Burgeri - Duplo;19.20;NE;;19.20;10.9.2026.
Burgeri - Spicy;14.10;NE;;14.10;10.9.2026.
Burgeri - Pileći burger;16.10;NE;;16.10;10.9.2026.
Burgeri - Vegeeee;16.10;NE;;16.10;10.9.2026.
Burgeri - Našburger;15.60;NE;;15.60;10.9.2026.
Burgeri - Fishburger;15.60;NE;;15.60;10.9.2026.
Gyros i tortilje - Gyros piletina;11.90;NE;;11.90;10.9.2026.
Gyros i tortilje - Našgyros;12.90;NE;;12.90;10.9.2026.
Gyros i tortilje - Tortilja piletina;11.80;NE;;11.80;10.9.2026.
Gyros i tortilje - Tortilja Sub Gourmet;13.90;NE;;13.90;10.9.2026.
Gyros i tortilje - Tortilja Vegetariana;12.60;NE;;12.60;10.9.2026.
Gyros i tortilje - Tortilja Tuna;13.90;NE;;13.90;10.9.2026.
Kutak za djecu - Pasta Napolitana;12.20;NE;;12.20;10.9.2026.
Kutak za djecu - Pileći banditosi;12.30;NE;;12.30;10.9.2026.
Prilozi i dodaci - Mediteransko povrće sa žara;5.90;NE;;5.90;10.9.2026.
Prilozi i dodaci - Pomfrit;3.80;NE;;3.80;10.9.2026.
Prilozi i dodaci - Majoneza;2.20;NE;;2.20;10.9.2026.
Prilozi i dodaci - Ketchup;2.20;NE;;2.20;10.9.2026.
Prilozi i dodaci - Senf;2.20;NE;;2.20;10.9.2026.
Prilozi i dodaci - Tartar umak;2.20;NE;;2.20;10.9.2026.
Prilozi i dodaci - Ajvar;2.20;NE;;2.20;10.9.2026.
Prilozi i dodaci - Kulen;2.20;NE;;2.20;10.9.2026.
Prilozi i dodaci - Panceta;2.20;NE;;2.20;10.9.2026.
Prilozi i dodaci - Gljive;2.20;NE;;2.20;10.9.2026.
Prilozi i dodaci - Vrhnje;2.20;NE;;2.20;10.9.2026.
Prilozi i dodaci - Lepinja;2.60;NE;;2.60;10.9.2026.
Prilozi i dodaci - Lepinja 1/2;1.30;NE;;1.30;10.9.2026.
Deserti - Sladoled bourbon vanilija s bučinim uljem;5.90;NE;;5.90;10.9.2026.
Deserti - Sladoled (kuglica);2.90;NE;;2.90;10.9.2026.
Deserti - Palačinke s marmeladom / čokoladom;5.70;NE;;5.70;10.9.2026.
Deserti - Lava Cake;7.60;NE;;7.60;10.9.2026.
Deserti - Torta od mjendula;5.60;NE;;5.60;10.9.2026.
Deserti - Torta Monte;5.60;NE;;5.60;10.9.2026.
Deserti - Čoko-lješnjak torta;5.60;NE;;5.60;10.9.2026.
Deserti - Cheesecake;5.60;NE;;5.60;10.9.2026.
